"市区町村コード","NO","都道府県名","市区町村名","名称","名称_カナ","名称_通称","公共施設小分類コード","住所","方書","緯度","経度","電話番号","法人番号","団体名","利用可能曜日","開始時間","終了時間","利用可能日時特記事項","説明","バリアフリー情報","URL","備考"
"172065","000001","石川県","加賀市","加賀市役所","カガシヤクショ","加賀市役所","01:庁舎等","石川県加賀市大聖寺南町ニ41","","36.30277724","136.31500279","0761-72-1111","2000020172065","加賀市","月;火;水;木;金","08:30","17:15","祝日、12/29～1/3は利用不可。","","多目的トイレ有り;車椅子貸出有り","http://www.city.kaga.ishikawa.jp",""
"172065","000002","石川県","加賀市","山中温泉支所","ヤマナカオンセンシショ","山中温泉支所","01:庁舎等","石川県加賀市山中温泉湯の出町タ３３","","36246412","136.371966","0761-78-1111","","加賀市","月;火;水;木;金","08:30","17:15","","","車椅子貸出有り","",""
"172065","000003","石川県","加賀市","山中温泉共同浴場菊の湯第1（男湯）","ヤマナカオンセン　キョウドウヨクジョウ　キクノユダイイチオトコユ","菊の湯第1男湯","04:レクリエーション施設・観光施設","石川県加賀市山中温泉湯の出町レ１","","36.246908","136.373241","0761-78-4026","","加賀市","月;火;水;木;金;土;日","06:45","22:30","不定期で休業日あり","","","",""
"172065","000004","石川県","加賀市","山中温泉共同浴場菊の湯第1（女湯）","ヤマナカオンセン　キョウドウヨクジョウ　キクノユダイイチオンナユ","菊の湯第1女湯","04:レクリエーション施設・観光施設","石川県加賀市山中温泉薬師町ム１","","36.247079","136.37249","","","加賀市","月;火;水;木;金;土;日","06:45","22:30","不定期で休業日あり","","多目的トイレ有り","",""
"172065","000005","石川県","加賀市","山中温泉共同浴場菊の湯第2","ヤマナカオンセン　キョウドウヨクジョウ　キクノユダイ２","菊の湯第2","04:レクリエーション施設・観光施設","石川県加賀市山中温泉長谷田町ﾘ391","","36.265034","136.361252","0761-78-0372","","加賀市","月;火;水;木;金;土;日","06:45","22:30","不定期で休業日あり","","多目的トイレ有り車椅子貸出有り","",""
"172065","000006","石川県","加賀市","山中温泉文化会館","ヤマナカオンセン　ブンカカイカン","山中温泉文化会館","06:文化・展覧施設","石川県加賀市山中温泉西桂木町ﾄ5-1","","36.251751","136.374268","0761-78-3311","","加賀市","月;火;水;木;金土;日","09:00","22:00","12/29～1/3は休館日","","多目的トイレ有り車椅子貸出有り","",""
"172065","000007","石川県","加賀市","高齢者ふれあいセンターみやま","コウレイシャフレアイ　センターミヤマ","みやま","14:高齢者福祉施設","石川県加賀市山中温泉菅谷町ﾍ80","","36.229156","136.36618","0761-78-1812","","加賀市","月;火;水;木;金土;日","09:00","17:00","12/29～1/3は休館日","","多目的トイレ有り","",""
"172065","000008","石川県","加賀市","高齢者ふれあいセンターゆざや","コウレイシャフレアイ　センターユザヤ","ゆざや","14:高齢者福祉施設","石川県加賀市山中温泉湯の出町ﾚ11","","36.246704","136.372925","0761-78-1370","","加賀市","月;火;水;木;金土;日","09:00","17:00","12/29～1/3は休館日","","多目的トイレ有り車椅子貸出有り","",""
"172065","000009","石川県","加賀市","山代出張所","ヤマシロシュッチョウショ","山代出張所","01:庁舎等","石川県加賀市山代温泉山背台1丁目60番地","","36.291704","136.359249","0761-77-0360","","加賀市","月;火;水;木;金","08:30","17:15","祝日、年末年始閉庁日は利用不可。","住民票や戸籍、印鑑登録等の証明発行、出生・婚姻等の戸籍届出、住所変更の手続、各課申請類の受付など、市民生活と関わりが深い市役所の窓口的役割をしています。","","http://www.city.kaga.ishikawa.jp/shiminseikatsu/madoguchi/yamashirosyuxtutyousho.html",""
"172065","000010","石川県","加賀市","片山津出張所","カタヤマヅシュッチョウショ","片山津出張所","01:庁舎等","石川県加賀市片山津温泉7の1番地1","","36.344884","136.364835","0761-74-0047","","加賀市","月;火;水;木;金","08:30","17:15","祝日、年末年始閉庁日は利用不可。","住民票や戸籍、印鑑登録等の証明発行、出生・婚姻等の戸籍届出、住所変更の手続、各課申請類の受付など、市民生活と関わりが深い市役所の窓口的役割をしています。","","http://www.city.kaga.ishikawa.jp/shiminseikatsu/madoguchi/katayamadusyuxtutyousyo.html",""
"172065","000011","石川県","加賀市","動橋出張所","イブリハシシュッチョウショ","動橋出張所","01:庁舎等","石川県加賀市動橋町ホ15番地1","","36.330535","136.389545","0761-74-6571","","加賀市","月;火;水;木;金","08:30","17:15","祝日、年末年始閉庁日は利用不可。","住民票や戸籍、印鑑登録等の証明発行、各課申請類の受付など、市民生活と関わりが深い市役所の窓口的役割をしています。","","http://www.city.kaga.ishikawa.jp/shiminseikatsu/madoguchi/iburihashisyuxtuchousho.html",""
"172065","000012","石川県","加賀市","橋立出張所","ハシタテシュッチョウショ","橋立出張所","01:庁舎等","石川県加賀市橋立町ロ357番地1","","36.350882","136.311447","0761-72-7062","","加賀市","月;火;水;木;金","08:30","17:15","祝日、年末年始閉庁日は利用不可。","住民票や戸籍、印鑑登録等の証明発行、各課申請類の受付など、市民生活と関わりが深い市役所の窓口的役割をしています。","","http://www.city.kaga.ishikawa.jp/shiminseikatsu/madoguchi/hashitatesyuxtuchousyo.html",""
"172065","000013","石川県","加賀市","加賀市文化会館","カガシブンカカイカン","加賀市文化会館","06:文化・展覧施設","石川県加賀市山代温泉北部2-68","","36.296839","136.357962","0761-77-2811","","株式会社コーワ","月;火;水;木;金;土;日","09:00","22:00","12/29～1/3は休館日受付時間は9：00～17：00","ホール、各種大小の会議室、茶室などの貸館","車椅子貸出有","http://kaga-bunka.lolipop.jp/",""
"172065","000014","石川県","加賀市","石川県九谷焼美術館","イシカワケンクタニヤキビジュツカン","石川県九谷焼美術館","06:文化・展覧施設","石川県加賀市大聖寺地方町1-10-13","","36.30278","136.310154","0761-72-7466","","加賀市","火;水;木;金;土;日","09:00","17:00","月曜休館（祝日は開館）入館は16：30まで","江戸初期の彩色磁器「古九谷」をはじめとして、およそ360年にわたる九谷焼の名品を展示する美術館です。","車椅子貸出有","http://www.kutani-mus.jp/ja/",""
"172065","000015","石川県","加賀市","加賀市美術館","カガシビジュツカン","加賀市美術館","06:文化・展覧施設","石川県加賀市作見町リ1-4","","36.319025","136.351452","0761-72-8787","","加賀市総合サービス株式会社","月;水;木;金;土;日","10:00","18:00","火曜休館（祝日は開館）、年末年始（12/30～1/1）休館、展示替えによる臨時休館入館は17：30まで","総合美術館。加賀市ゆかりの作家の作品を紹介する企画展や石川県を代表する展覧会の巡回展等を行っています。","車椅子貸出有","http://kagashi-ss.co.jp/bijyutukan/bijyutukan_home/",""
"172065","000016","石川県","加賀市","中谷宇吉郎雪の科学館","ナカヤウキチロウユキノカガクカン","中谷宇吉郎雪の科学館","06:文化・展覧施設","石川県加賀市潮津町イ106","","36.352377","136.362213","0761-75-3323","","加賀市総合サービス・ILove加賀ネットグループ","月;火;木;金;土;日","09:00","17:00","火曜休館（祝日は開館）、展示替えによる臨時休館入館は16：30まで","世界で初めて人工的に雪の結晶を作り出した雪博士・中谷宇吉郎の業績や人となり、雪と氷の科学を紹介した科学館です。","車椅子貸出有","http://kagashi-ss.co.jp/yuki-mus/yuki_home/",""
"172065","000017","石川県","加賀市","北前船の里資料館","キタマエブネノサトシリョウカン","北前船の里資料館","06:文化・展覧施設","石川県加賀市橋立町イ乙1-1","","36.350821","136.310435","0761-75-1250","","加賀市","月;火;水;木;金;土;日","09:00","17:00","入館は16：30まで","加賀橋立重要伝統的建造物群保存地区の一角にあり、北前船の経営により巨額の財をなした酒谷長兵衛の邸宅を活用し、北前船にまつわる様々な資料を公開しています。","","http://www.city.kaga.ishikawa.jp/kitamae/",""
"172065","000018","石川県","加賀市","九谷焼窯跡展示館","クタニヤキカマアトテンジカン","九谷焼窯跡展示館","06:文化・展覧施設","石川県加賀市山代温泉19の101番地9","","36.293978","136.366213","0761-77-0020","","加賀九谷陶磁器協同組合","月;水;木;金;土;日","09:00","17:00","火曜休館（祝日は開館）、年末年始の休館は要問合せ入館は16：30まで","現代九谷焼のルーツである再興九谷吉田屋窯以来の窯跡（国指定史跡）を発掘、整備し、調査状況をそのまま公開している展示館です。","","http://www.kagacable.ne.jp/~kamaato/",""
"172065","000019","石川県","加賀市","深田久弥山の文化館","フカタキュウヤヤマノブンカカン","深田久弥山の文化館","06:文化・展覧施設","石川県加賀市大聖寺番場町18-2","","36.30966","136.310534","0761-72-3313","","特定非営利活動法人深田久弥と山の文化を愛する会","月;水;木;金;土;日","09:00","17:00","火曜休館（祝日は開館）、年末年始の休館は要問合せ入館は16：30まで","「日本百名山」の著者として知られる山の文学者、深田久弥の業績や山の魅力を紹介する文化館です。","","http://www2.kagacable.ne.jp/~yamabun/",""
"172065","000020","石川県","加賀市","魯山人寓居跡いろは草庵","ロサンジングウキョアトイロハソウアン","魯山人寓居跡いろは草庵","06:文化・展覧施設","石川県加賀市山代温泉18-5","","36.287532","136.360584","0761-77-7111","","加賀市総合サービス株式会社","月;火;木;金;土;日","09:00","17:00","水曜休館（祝日は開館）入館は16：30まで","書道家・陶芸家・美食家として知られた北大路魯山人が山代温泉を訪れ、仕事のため数か月滞在した別荘を当時のままに公開しています。","","http://kagashi-ss.co.jp/irohasouan/iroha_home/",""
"172065","000021","石川県","加賀市","加賀市観光情報センター","カガシカンコウジョウホウセンター","加賀市観光情報センター","06:文化・展覧施設","石川県加賀市作見町ヲ6-2 ","","36.319722","136.350844","0761-72-6678","","一般社団法人加賀市観光交流機構","月;火;水;木;金;土;日","08:45","17:30","","加賀温泉郷を中心とした観光情報を発信する観光案内所。交通アクセスや見どころの案内などを行っています。","","http://www.tabimati.net/",""
"172065","000022","石川県","加賀市","はづちを楽堂","ハヅチヲガクドウ","はづちを楽堂","06:文化・展覧施設","石川県加賀市山代温泉18-59-1","","36.289405","136.361289","0761-77-8270","","特定非営利活動法人はづちを","月;火;木;金;土;日","09:30","18:00","水曜休館、祝日は開館冬季営業時間短縮有","大正時代風の懐かしい紅殻格子風木造平屋の建物で温泉街の中心部に位置し、茶店や地元特産物の販売、展示ギャラリーなどがあります。","","http://www.hadutiwo.com/",""
"172065","000023","石川県","加賀市","越前加賀県境の館","エチゼンカガケンキョウノヤカタ","越前加賀県境の館","06:文化・展覧施設","福井県あわら市吉崎２丁目１００４－２","","36.290651","136.252542","0776-75-1705","","越前加賀県境の館運営委員会","月;水;木;金;土;日","09:00","17:00","火曜・年末年始休館","越前・加賀の境にあった集落、吉崎を普及活動の地とした蓮如上人に関する情報や加賀市・あわら市の観光情報などをタッチパネルや映像で発信しています。","多目的トイレ有","http://awara.info/cat-sightseeing/%E8%B6%8A%E5%89%8D%E5%8A%A0%E8%B3%80%E7%9C%8C%E5%A2%83%E3%81%AE%E9%A4%A8",""
"172065","000024","石川県","加賀市","蘇梁館","ソリョウカン","蘇梁館","06:文化・展覧施設","石川県加賀市熊坂町ハ２８－３","","36.300599","136.309975","0761-72-5350","","加賀市","月;火;水;木;金;土;日","09:00","17:00","年末年始休館","江戸末期から明治期にかけて活躍した北前船の中でも、大きな勢力をほこっていた久保彦兵衛家の主屋が移築復元され、梁を蘇らせたことで蘇梁館の名が付けられました。地域の交流の場として部屋をご利用いただけます。","多目的トイレ有","http://www.tabimati.net/midokoro/detail_kanko.php?p=1563",""
"172065","000025","石川県","加賀市","加賀山代温泉総湯","カガヤマシロオンセンソウユ","加賀山代温泉総湯","04:レクリエーション施設・観光施設","石川県加賀市山代温泉万松園通2-1","","36.288596","136.361348","0761-76-0144","","加賀山代温泉財産区","月;火;水;木;金;土;日","00:25","22:00","第4水曜は12：00まで休み","浴室は大きく天窓がとってあり、明るく開放感にあふれています。壁には九谷焼作家たちによる手描きタイルが彩りをそえ、足元は地元産の石張りで滑りにくく安心です。お湯は源泉１００％の加水なし。","多目的トイレ有","http://tabimati.net/midokoro/detail_kanko.php?p=3172",""
"172065","000026","石川県","加賀市","加賀片山津温泉総湯","カガカタヤマヅオンセンソウユ","加賀片山津温泉総湯","04:レクリエーション施設・観光施設","石川県加賀市片山津温泉乙65-2","","36.345295","136.368966","0761-74-0550","","株式会社岸グリーンサービス","月;火;水;木;金;土;日","00:25","22:00","臨時休業有","全面ガラス張りの特徴的な建物。美しい湖面を望む「潟の湯」、緑の中で安らぐ「森の湯」が日替わりで楽しめます。","多目的トイレ有","http://sou-yu.net/",""
"172065","000027","石川県","加賀市","大聖寺児童センター","ダイショウジジドウセンター","大聖寺児童センター","13:幼児・児童施設","石川県加賀市大聖寺鷹匠町５７番地１","　","36.306753","136.313615","0761-73-2802","2000020172065","加賀市","月;火;水;木;金;土","09:00","18:00","国民の祝日に関する法律に規定する祝日および年末年始（12月29日から翌1月3日）は休館。ただし、こどもの日は開館。","子ども達に健全な遊び場を提供し、すこやかな心と体力を増進し、情操を豊かにすることを目的とした施設","多目的トイレ有り","http://www.city.kaga.ishikawa.jp/kenkoufukushi/jidou/jidousenta-_2.html","　"
"172065","000028","石川県","加賀市","山代児童センター","ヤマシロジドウセンター","山代児童センター","13:幼児・児童施設","石川県加賀市山代温泉ヨ２２番地２","　","36.288981","136.35851","0761-76-2405","2000020172065","加賀市","月;火;水;木;金;土","09:00","18:00","国民の祝日に関する法律に規定する祝日および年末年始（12月29日から翌1月3日）は休館。ただし、こどもの日は開館。","子ども達に健全な遊び場を提供し、すこやかな心と体力を増進し、情操を豊かにすることを目的とした施設","多目的トイレ有り","http://www.city.kaga.ishikawa.jp/kenkoufukushi/jidou/jidousenta-_2.html","　"
"172065","000029","石川県","加賀市","片山津児童センター","カタヤマヅジドウセンター","片山津児童センター","13:幼児・児童施設","石川県加賀市片山津温泉ヒ１９番地１","　","36.345195","136.365417","0761-74-8513","2000020172065","加賀市","月;火;水;木;金;土","09:00","18:00","国民の祝日に関する法律に規定する祝日および年末年始（12月29日から翌1月3日）は休館。ただし、こどもの日は開館。","子ども達に健全な遊び場を提供し、すこやかな心と体力を増進し、情操を豊かにすることを目的とした施設","多目的トイレ有り","http://www.city.kaga.ishikawa.jp/kenkoufukushi/jidou/jidousenta-_2.html","　"
"172065","000030","石川県","加賀市","動橋児童センター","イブリハシジドウセンター","動橋児童センター","13:幼児・児童施設","石川県加賀市動橋町ホ１５番地１","","36.330433","136.389602","0761-74-7234","2000020172065","加賀市","月;火;水;木;金;土","09:00","18:00","国民の祝日に関する法律に規定する祝日および年末年始（12月29日から翌1月3日）は休館。ただし、こどもの日は開館。","子ども達に健全な遊び場を提供し、すこやかな心と体力を増進し、情操を豊かにすることを目的とした施設","多目的トイレ有り","http://www.city.kaga.ishikawa.jp/kenkoufukushi/jidou/jidousenta-_2.html","　"
"172065","000031","石川県","加賀市","作見児童センター","サクミジドウセンター","作見児童センター","13:幼児・児童施設","石川県加賀市松が丘１丁目８番地１","　","36.323312","136.346874","0761-72-8668","2000020172065","加賀市","月;火;水;木;金;土","09:00","18:00","国民の祝日に関する法律に規定する祝日および年末年始（12月29日から翌1月3日）は休館。ただし、こどもの日は開館。","子ども達に健全な遊び場を提供し、すこやかな心と体力を増進し、情操を豊かにすることを目的とした施設","多目的トイレ有り","http://www.city.kaga.ishikawa.jp/kenkoufukushi/jidou/jidousenta-_2.html","　"
"172065","000032","石川県","加賀市","山中児童センター","ヤマナカジドウセンター","山中児童センター","13:幼児・児童施設","石川県加賀市山中温泉西桂木町ト１０番地１","　","36.251513","136.374202","0761-78-3536","2000020172065","加賀市","月;水;木;金;土;日","09:00","18:00","第３日曜日、国民の祝日に関する法律に規定する祝日の翌日および年末年始（12月29日から翌1月3日）は休館。ただし、火曜日、第3日曜日が祝日にあたる時は開館し、休館日はその翌日。","子ども達に健全な遊び場を提供し、すこやかな心と体力を増進し、情操を豊かにすることを目的とした施設","多目的トイレ有り","http://www.city.kaga.ishikawa.jp/kenkoufukushi/jidou/jidousenta-_2.html","　"
"172065","000033","石川県","加賀市","加賀市医療センター","カガシイリョウセンター","加賀市医療センター","18:医療施設","石川県加賀市作見町リ36番地","","36.317338","136.352137","0761-72-1188","","加賀市","月;火;水;木;金","08:30（受付開始）","11:30（受付終了）","祝日、年末年始（12/29～1/3）は休診","病院","施設全体バリアフリー適用","http://www.kagacityhp.jp/",""
"172065","000034","石川県","加賀市","加賀市環境美化センター加賀ごみ処理施設","カガシカンキョウビカセンターカガゴミショリシセツ","加賀市環境美化センター加賀ごみ処理施設","08:供給処理施設","石川県加賀市熊坂町乙7番地1","","36.284571","136.28667","0761-73-5600","2000020172065","加賀市","月;火;木;金;土;日","09:00","16:00","水曜日、祝日、8/15、12/31～1/3、その他5月の定期点検期間は利用不可。","市内で発生した一般廃棄物のうち燃えるごみを焼却処理する施設。市民等の施設見学可","多目的トイレ有り;車椅子用階段昇降機有り;エレベーター有り","http://www.city.kaga.ishikawa.jp/shiminseikatsu/seikatsuanzenka/kagashikankyoubikasenta-.html",""
"172065","000035","石川県","加賀市","加賀市環境美化センターリサイクルプラザ","カガシカンキョウビカセンターリサイクルプラザ","加賀市環境美化センターリサイクルプラザ","08:供給処理施設","石川県加賀市熊坂町乙7番地1","","36.284571","136.28667","0761-73-5600","2000020172065","加賀市","月;火;木;金;土;日","09:00","16:00","水曜日、祝日、8/15、12/31～1/3、その他5月の定期点検期間は利用不可。","市内で発生した一般廃棄物のうち資源ごみや粗大ごみを処理する施設。市民等の施設見学可","多目的トイレ有り;車椅子用階段昇降機有り;エレベーター有り","http://www.city.kaga.ishikawa.jp/shiminseikatsu/seikatsuanzenka/kagashikankyoubikasenta-.html",""
"172065","000036","石川県","加賀市","加賀市環境美化センター廃棄物処分場","カガシカンキョウビカセンターハイキブツショブンジョウ","加賀市環境美化センター廃棄物処分場","08:供給処理施設","石川県加賀市熊坂町戌18番地","","36.272558","136.285897","0761-72-4627","2000020172065","加賀市","月;火;木;金;土;日","09:00","16:00","水曜日、祝日、8/15、12/31～1/3、その他5月の定期点検期間は利用不可。","市内で発生した一般廃棄物を処理した後の残渣等を埋め立てる施設","","http://www.city.kaga.ishikawa.jp/shiminseikatsu/seikatsuanzenka/kagashikankyoubikasenta-.html",""
"172065","000037","石川県","加賀市","加賀市環境美化センターグリーン・シティ山中","カガシカンキョウビカセンターグリーンシティヤマナカ","加賀市環境美化センターグリーン・シティ山中","08:供給処理施設","石川県加賀市山中温泉長谷田町ロ94番地2","","36.250048","136.357587","0761-78-5374","2000020172065","加賀市","月;火;木;金;土;日","09:00","16:00","水曜日、祝日、8/15、12/31～1/3は利用不可。","市内の山中温泉地区で発生した一般廃棄物のうち資源ごみや粗大ごみを処理し、その残渣を埋め立てる施設。市民等の施設見学可","多目的トイレ有り;身障者用駐車場有り","http://www.city.kaga.ishikawa.jp/shiminseikatsu/seikatsuanzenka/guri-nshithiyamanaka.html",""
"172065","000038","石川県","加賀市","いきいきランドかが","イキイキランドカガ","いきいきランドかが","04:レクリエーション施設・観光施設","石川県加賀市熊坂町乙1番地1","","36.286024","136.291586","0761-72-8011","2000020172065","加賀市","月;火;木;金;土;日","10:00","22:00","水曜日、12/29～1/3、その他メンテナンス休館日は利用不可","市民の保養と健康増進、福祉の向上と地域振興を目的とした施設。フィットネス等の運動及び入浴可","多目的トイレ有り;車椅子貸出有り;身障者用駐車場有り","","指定管理者「株式会社エイム」が運営"
"172065","000039","石川県","加賀市","加賀市消防本部","カガシショウボウホンブ","加賀市消防本部","03:消防施設","石川県加賀市弓波町２５７番地","","36.31946","136.361352","0761-72-0119","","加賀市","月;火;水;木;金","08:30","17:15","","","","",""
"172065","000040","石川県","加賀市","加賀市消防署","カガシショウボウショ","加賀市消防署","03:消防施設","石川県加賀市弓波町２５７番地","","36.31946","136.361352","0761-72-0119","","加賀市","月;火;水;木;金;土;日","00:00","00:00","","","","",""
"172065","000041","石川県","加賀市","大聖寺分署","ダイショウジブンショ","大聖寺分署","03:消防施設","石川県加賀市大聖寺ニ４１番地","","36.303434","136.315012","0761-73-0119","","加賀市","月;火;水;木;金;土;日","00:00","00:00","出動及び業務で無人になる可能性あり","","","",""
"172065","000042","石川県","加賀市","片山津分署","カタヤマヅブンショ","片山津分署","03:消防施設","石川県加賀市源平町５１番地","","36.35346","136.359696","0761-74-0119","","加賀市","月;火;水;木;金;土;日","00:00","00:00","出動及び業務で無人になる可能性あり","","","",""
"172065","000043","石川県","加賀市","山代分署","ヤマシロブンショ","山代分署","03:消防施設","石川県加賀市山代温泉北部１丁目９４番地","","36.294585","136.356943","0761-76-0119","","加賀市","月;火;水;木;金;土;日","00:00","00:00","出動及び業務で無人になる可能性あり","","","",""
"172065","000044","石川県","加賀市","山中分署","ヤマナカブンショ","山中分署","03:消防施設","石川県加賀市山中温泉西桂木町ヌ１７番地の２","","36.254362","136.372798","0761-78-0119","","加賀市","月;火;水;木;金;土;日","00:00","00:00","出動及び業務で無人になる可能性あり","","","",""
"172065","000045","石川県","加賀市","大聖寺第１分団格納庫","ダイショウジダイイチブンダンカクノウコ","大聖寺第１分団車庫","03:消防施設","石川県加賀市大聖寺永町３３番地１１","","36.308225","136.319893","0761-72-0119","","加賀市","","","","","","","",""
"172065","000046","石川県","加賀市","大聖寺第２分団格納庫","ダイショウジダイニブンダンカクノウコ","大聖寺第２分団車庫","03:消防施設","石川県加賀市大聖寺南町ロ","","36.304078","136.315533","0761-72-0119","","加賀市","","","","","","","",""
"172065","000047","石川県","加賀市","大聖寺第３分団格納庫","ダイショウジダイサンブンダンカクノウコ","大聖寺第３分団車庫","03:消防施設","石川県加賀市大聖寺下福田町リ１－２","","36.312487","136.300955","0761-72-0119","","加賀市","","","","","","","",""
"172065","000048","石川県","加賀市","橋立分団格納庫","ハシタテブンダンカクノウコ","橋立分団車庫","03:消防施設","石川県加賀市橋立町は６","","36.350438","136.311703","0761-72-0119","","加賀市","","","","","","","",""
"172065","000049","石川県","加賀市","南郷分団格納庫","ナンゴウブンダンカクノウコ","南郷分団車庫","03:消防施設","石川県加賀市上河崎町カ１３８－１","","36.308003","136.339324","0761-72-0119","","加賀市","","","","","","","",""
"172065","000050","石川県","加賀市","三木分団格納庫","ミキブンダンカクノウコ","三木分団車庫","03:消防施設","石川県加賀市三木町ト１５２－１","","36.29411","136.284247","0761-72-0119","","加賀市","","","","","","","",""
"172065","000051","石川県","加賀市","三谷分団格納庫","ミタニブンダンカクノウコ","三谷分団車庫","03:消防施設","石川県加賀市曽宇町へ甲３－１","","36.28484","136.321067","0761-72-0119","","加賀市","","","","","","","",""
"172065","000052","石川県","加賀市","塩屋分団格納庫","シオヤブンダンカクノウコ","塩屋分団車庫","03:消防施設","石川県加賀市塩屋町ハ７－２","","36.294555","136.248238","0761-72-0119","","加賀市","","","","","","","",""
"172065","000053","石川県","加賀市","片山津分団格納庫","カタヤマヅブンダンカクノウコ","片山津分団車庫","03:消防施設","石川県加賀市片山津温泉七１－３２","","36.344248","136.36419","0761-72-0119","","加賀市","","","","","","","",""
"172065","000054","石川県","加賀市","作見分団格納庫","サクミブンダンカクノウコ","作身分団車庫","03:消防施設","石川県加賀市作見町ロ１１０－１","","36.323812","136.356409","0761-72-0119","","加賀市","","","","","","","",""
"172065","000055","石川県","加賀市","金明分団格納庫","キンメイブンダンカクノウコ","金明分団車庫","03:消防施設","石川県加賀市小塩辻町１","","36.340109","136.330858","0761-72-0119","","加賀市","","","","","","","",""
"172065","000056","石川県","加賀市","湖北分団格納庫","コホクブンダンカクノウコ","湖北分団車庫","03:消防施設","石川県加賀市柴山町よ６４-1","","36.36272","136.380048","0761-72-0119","","加賀市","","","","","","","",""
"172065","000057","石川県","加賀市","動橋分団格納庫","イブリハシブンダンカクノウコ","動橋分団車庫","03:消防施設","石川県加賀市動橋町イ１６９","","36.327061","136.386743","0761-72-0119","","加賀市","","","","","","","",""
"172065","000058","石川県","加賀市","分校分団格納庫","ブンギョウブンダンカクノウコ","分校分団車庫","03:消防施設","石川県加賀市分校町ホ１５番２","","36.329068","136.400975","0761-72-0119","","加賀市","","","","","","","",""
"172065","000059","石川県","加賀市","山代第１分団格納庫","ヤマシロダイイチブンダンカクノウコ","山代第１分団車庫","03:消防施設","石川県加賀市山代温泉桔梗丘3丁目４７－２","","36.286315","136.356146","0761-72-0119","","加賀市","","","","","","","",""
"172065","000060","石川県","加賀市","山代第２分団格納庫","ヤマシロダイニブンダンカクノウコ","山代第２分団車庫","03:消防施設","石川県加賀市別所町富士見丘１２－４","","36.276692","136.358485","0761-72-0119","","加賀市","","","","","","","",""
"172065","000061","石川県","加賀市","庄分団格納庫","ショウブンダンカクノウコ","庄分団車庫","03:消防施設","石川県加賀市西島町カ１４８","","36.310791","136.373846","0761-72-0119","","加賀市","","","","","","","",""
"172065","000062","石川県","加賀市","勅使分団格納庫","チョクシブンダンカクノウコ","勅使分団車庫","03:消防施設","石川県加賀市勅使町ル４１の４","","36.30193","136.390655","0761-72-0119","","加賀市","","","","","","","",""
"172065","000063","石川県","加賀市","東谷口分団格納庫","ヒガシタニグチブンダンカクノウコ","東谷口分団書庫","03:消防施設","石川県加賀市水田丸町ト１０８－2","","36.285326","136.390851","0761-72-0119","","加賀市","","","","","","","",""
"172065","000064","石川県","加賀市","山中第1分団格納庫","ヤマナカダイイチブンダンカクノウコ","山中第1分団車庫","03:消防施設","石川県加賀市菅谷町へ６０","","36.229443","136.365787","0761-72-0119","","加賀市","","","","","","","",""
"172065","000065","石川県","加賀市","山中第2分団格納庫","ヤマナカダイニブンダンカクノウコ","山中第2分団車庫","03:消防施設","石川県加賀市山中温泉薬師町ム３０","","36.247414","136.372972","0761-72-0119","","加賀市","","","","","","","",""
"172065","000066","石川県","加賀市","山中第3分団格納庫","ヤマナカダイサンブンダンカクノウコ","山中第3分団車庫","03:消防施設","石川県加賀市山中温泉宮の杜１丁目５","","36.264425","136.355483","0761-72-0119","","加賀市","","","","","","","",""
"172065","000067","石川県","加賀市","山中第4分団格納庫","ヤマナカダイヨンブンダンカクノウコ","山中第4分団車庫","03:消防施設","石川県加賀市山中温泉中津原町ハ５－１","","36.262098","136.397601","0761-72-0119","","加賀市","","","","","","","",""
"172065","000068","石川県","加賀市","錦城小学校","キンジョウショウガッコウ","","16:学校","加賀市大聖寺八間道５７","","36.307700, ","136.308328","0761-72-0269","","加賀市","","","","","","","","学校施設"
"172065","000069","石川県","加賀市","錦城東小学校","キンジョウヒガシショウガッコウ","","16:学校","加賀市大聖寺敷地ワ１３","","36.312137","136.322712","0761-72-3234","","加賀市","","","","","","","","学校施設"
"172065","000070","石川県","加賀市","錦城中学校","キンジョウチュウガッコウ","","16:学校","加賀市大聖寺地方町６乙７４－１","","36.300399","136.303677","0761-72-1515","","加賀市","","","","","","","","学校施設"
"172065","000071","石川県","加賀市","山代小学校","ヤマシロショウガッコウ","","16:学校","加賀市山代温泉山背台２丁目４４－１","","36.291976","136.357743","0761-76-0146","","加賀市","","","","","","","","学校施設"
"172065","000072","石川県","加賀市","山代中学校","ヤマシロチュウガッコウ","","16:学校","加賀市上野町エ４５－２","","36.298004","136.373823","0761-76-0044","","加賀市","","","","","","","","学校施設"
"172065","000073","石川県","加賀市","庄小学校","ショウショウガッコウ","","16:学校","加賀市庄町ワ１０１－１","","36.312798","136.374437","0761-74-1199","","加賀市","","","","","","","","学校施設"
"172065","000074","石川県","加賀市","勅使小学校","チョクシショウガッコウ","","16:学校","加賀市勅使町２４","","36.303368","136.388902","0761-76-0709","","加賀市","","","","","","","","学校施設"
"172065","000075","石川県","加賀市","東谷口小学校","ヒガシタニグチショウガッコウ","","16:学校","加賀市水田丸町ヌ３６－１","","36.284808","136.390195","0761-76-0805","","加賀市","","","","","","","","学校施設"
"172065","000076","石川県","加賀市","片山津小学校","カタヤマヅショウガッコウ","","16:学校","加賀市片山津町ス丙２１","","36.339659","136.366455","0761-74-1159","","加賀市","","","","","","","","学校施設"
"172065","000077","石川県","加賀市","片山津中学校","カタヤマヅチュウガッコウ","","16:学校","加賀市潮津町レ１－１","","36.351272","136.34955","0761-74-1154","","加賀市","","","","","","","","学校施設"
"172065","000078","石川県","加賀市","作見小学校","サクミショウガッコウ","","16:学校","加賀市作見町ナ１５４","","36.323608","136.353647","0761-74-0164","","加賀市","","","","","","","","学校施設"
"172065","000079","石川県","加賀市","金明小学校","キンメイショウガッコウ","","16:学校","加賀市塩浜町１０４","","36.350133","136.333783","0761-74-1861","","加賀市","","","","","","","","学校施設"
"172065","000080","石川県","加賀市","湖北小学校","コホクショウガッコウ","","16:学校","加賀市柴山町ひ９２－１","","36.357764","136.367736","0761-74-0369","","加賀市","","","","","","","","学校施設"
"172065","000081","石川県","加賀市","動橋小学校","イブリハシショウガッコウ","","16:学校","加賀市動橋町ヘ１－１","","36.329535","136.38926","0761-74-1524","","加賀市","","","","","","","","学校施設"
"172065","000082","石川県","加賀市","東和中学校","トウワチュウガッコウ","","16:学校","加賀市動橋町ネ５４－１","","36.325237","136.381707","0761-74-0279","","加賀市","","","","","","","","学校施設"
"172065","000083","石川県","加賀市","分校小学校","ブンギョウショウガッコウ","","16:学校","加賀市打越町ニ２２","","36.329412","136.400381","0761-74-1550","","加賀市","","","","","","","","学校施設"
"172065","000084","石川県","加賀市","橋立小学校","ハシタテショウガッコウ","","16:学校","加賀市小塩町ろ１","","36.348083","136.313492","0761-75-2111","","加賀市","","","","","","","","学校施設"
"172065","000085","石川県","加賀市","橋立中学校","ハシタテチュウガッコウ","","16:学校","加賀市小塩町ろ１","","36.349155","136.314055","0761-75-2112","","加賀市","","","","","","","","学校施設"
"172065","000086","石川県","加賀市","三木小学校","ミキショウガッコウ","","16:学校","加賀市三木町ニ９８－１","","36.293503","136.285422","0761-72-1773","","加賀市","","","","","","","","学校施設"
"172065","000087","石川県","加賀市","三谷小学校","ミタニショウガッコウ","","16:学校","加賀市直下町ニ丙７３","","36.283471","136.324878","0761-72-1771","","加賀市","","","","","","","","学校施設"
"172065","000088","石川県","加賀市","南郷小学校","ナンゴウショウガッコウ","","16:学校","加賀市吸坂町ヤ２６","","36.304204","136.337502","0761-72-1894","","加賀市","","","","","","","","学校施設"
"172065","000089","石川県","加賀市","緑丘小学校","ミドリガオカショウガッコウ","","16:学校","加賀市大聖寺瀬越町塩屋境山１－１","","36.295108","136.255956","0761-73-8003","","加賀市","","","","","","","","学校施設"
"172065","000090","石川県","加賀市","山中小学校","ヤマナカショウガッコウ","","16:学校","加賀市山中温泉上野町ル１５－９","","36.253671","136.368502","0761-78-0441","","加賀市","","","","","","","","学校施設"
"172065","000091","石川県","加賀市","山中中学校","ヤマナカチュウガッコウ","","16:学校","加賀市山中温泉上原町ト甲１-１","","36.25401","136.364526","0761-78-1134","","加賀市","","","","","","","","学校施設"
"172065","000092","石川県","加賀市","河南小学校","カワミナミショウガッコウ","","16:学校","加賀市山中温泉中田町ニ２５－１","","36.27006","136.356569","0761-78-0836","","加賀市","","","","","","","","学校施設"
"172065","000093","石川県","加賀市","加賀市立中央図書館","カガシリツチュウオウトショカン","中央図書館","05:図書館","石川県加賀市大聖寺地方町1字10番地４","","36.302463","136.310773","0761-73-0888","1234567891012","加賀市","火;水;木;金;土;日","09:00","平日19：00土・日・祝18：00","休館日：月曜日（祝日を除く）、年末年始、特別整理期間","貸出対象：加賀市在住・在学・在勤、小松市在住、あわら市在住(あわら市図書館の貸出カードが必要）貸出冊数・期間：図書10冊2週間、雑誌5冊2週間、視聴覚資料2点1週間蔵書数：22万７千冊付属施設：市政図書室、議会図書室、視聴覚ライブラリー","多目的トイレ有り;車椅子貸出有り","http://www.kagalib.jp/",""
"172065","000094","石川県","加賀市","加賀市立山中図書館","カガシリツヤマナカトショカン","山中図書館","05:図書館","石川県加賀市山中温泉西桂木町ト19番地1","","36.251704","136.374787","0761-78-4441","1234567891012","加賀市","月;火;水;木;土;日","09:00","18:00","休館日：金曜日（祝日を除く）、年末年始、特別整理期間","貸出対象：加賀市在住・在学・在勤、小松市在住、あわら市在住(あわら市図書館の貸出カードが必要）貸出冊数・期間：図書10冊2週間、雑誌5冊2週間、視聴覚資料2点1週間蔵書数：7万5千冊　　　　　　　　　　　　","多目的トイレ有り;車椅子貸出有り、　　","http://www.kagalib.jp/",""
"172065","000095","石川県","加賀市","加賀市セミナーハウスあいりす","カガシセミナーハウスアイリス","セミナーハウスあいりす","12:集会施設","石川県加賀市山田町リ243番地","","36.320826","136.330633","0761-73-5524","9220005004552","一般社団法人Ｐａｒａｄｉｅｓ","月;火;水;木;金;土;日","09:00","21:30","12/29～1/3は終日利用不可。","宿泊可能（有料）午後3時～翌日午前10時まで","多目的トイレ有り;エレベーター有り;車椅子貸出有り","http://seminarhouse-iris.com/",""
"172065","000096","石川県","加賀市","加賀体育館","カガタイイクカン","","15:スポーツ施設","石川県加賀市大聖寺東町2丁目3番地１","","36.303779","136.318341","0761-73-2664","5220005007526","特定非営利財団法人加賀市スポーツ振興事業団","月;火;水;木;金;土;日","09:00","21:30","日曜、祝日は17：00まで12月29日から翌年1月3日まで休業","バレーボールコート2面、バスケットボールコート2面、バドミントンコート8面、体操全種目、卓球場","多目的トイレ有り","http://www.city.kaga.ishikawa.jp/kyouikuiinkai/sports/kagataiikukann.html",""
"172065","000097","石川県","加賀市","山中健民体育館","ヤマナカケンミンタイイクカン","","15:スポーツ施設","石川県加賀市山中温泉加美谷台2丁目2番地","","136.364868","136.364868","0761-78-5510","3220001013810","加賀市総合サービス株式会社","月;火;水;木;金;土;日","09:00","21:30","日曜、祝日は17：00まで12月29日から翌年1月3日まで休業","バレーボールコート3面、バスケットボールコート2面、バドミントンコート8面、ランニングコース150m","多目的トイレ有り;車椅子貸出有り;スロープ有り","http://www.city.kaga.ishikawa.jp/kyouikuiinkai/sports/yamanakakenmintaiikukan.html",""
"172065","000098","石川県","加賀市","加賀市片山津野球場","カガシカタヤマヅヤキュウジョウ","","15:スポーツ施設","石川県加賀市潮津町ソ1番地","","36.350396","136.350839","0761-73-3939;(ｽﾎﾟ-ﾂｾﾝﾀ-)","3220001013810","加賀市総合サービス株式会社","月;火;水;木;金;土;日","05:00","21:30","12月29日から翌年1月3日まで休業","両翼90m、センター110m、夜間照明施設","無し","http://www.city.kaga.ishikawa.jp/kyouikuiinkai/sports/katayamazuyakyuujyou.html",""
"172065","000099","石川県","加賀市","加賀市ソフトボール場","カガシソフトボールジョウ","","15:スポーツ施設","石川県加賀市潮津町ソ1番地","","36.350255","136.349873","0761-73-3939;(ｽﾎﾟ-ﾂｾﾝﾀ-)","3220001013810","加賀市総合サービス株式会社","月;火;水;木;金;土;日","05:00","19:30","10月1日から3月31日までは18：00まで12月29日から翌年1月3日まで休業","ソフトボール場1面","無し","http://www.city.kaga.ishikawa.jp/kyouikuiinkai/sports/kagashisoftballjyou.html",""
"172065","000100","石川県","加賀市","加賀市スポーツセンター","カガシスポーツセンター","","15:スポーツ施設","石川県加賀市山田町245番地2","加賀市中央公園内","36.327638","136.330216","0761-73-3939","3220001013810","加賀市総合サービス株式会社","月;火;水;木;金;土;日","09:00","21:30","日曜、祝日は17：00まで12月29日から翌年1月3日まで休業","バレーボールコート3面、バスケットボールコート2面、バドミントンコート10面、テニスコート2面、サブアリーナ（バレーボールコート1面）、多目的ホール、観覧席1,524席","身障者用トイレ有り；車椅子貸出有り；スロープ有り","http://www.city.kaga.ishikawa.jp/kyouikuiinkai/sports/kagashisportcenter.html",""
"172065","000101","石川県","加賀市","加賀市中央公園野球場","カガシチュウオウコウエンヤキュウジョウ","","15:スポーツ施設","石川県加賀市山田町245番地2","加賀市中央公園内","36.326022","136.329776","0761-73-3939;(ｽﾎﾟ-ﾂｾﾝﾀ-)","3220001013810","加賀市総合サービス株式会社","月;火;水;木;金;土;日","05:00","19:30","10月1日から3月31日までは18：00まで12月29日から翌年1月3日まで休業","両翼98m、センター122m、メインスタンド1,797㎡、内野席（メイン）2,690人、（内野）1,040人、外野席2,800人","身障者用部屋有り；身障者用トイレ有り；車椅子貸出有り；スロープ有り","http://www.city.kaga.ishikawa.jp/kyouikuiinkai/sports/kagashityuuoukouenyakyuujyou.html",""
"172065","000102","石川県","加賀市","加賀市相撲場","カガシスモウジョウ","","15:スポーツ施設","石川県加賀市山田町245番地2","加賀市中央公園内","36.322826","136.331127","0761-73-3939;(ｽﾎﾟ-ﾂｾﾝﾀ-)","3220001013810","加賀市総合サービス株式会社","月;火;水;木;金;土;日","09:00","21:30","12月29日から翌年1月3日まで休業","土俵1面（冬季、雨天使用可能）、観覧席1,500人","無し","http://www.city.kaga.ishikawa.jp/kyouikuiinkai/sports/kagashisumou.html",""
"172065","000103","石川県","加賀市","加賀市陸上競技場","カガシリクジョウキョウギジョウ","","15:スポーツ施設","石川県加賀市山田町245番地2","加賀市中央公園内","36.326821","136.331633","0761-73-3939;(ｽﾎﾟ-ﾂｾﾝﾀ-)","3220001013810","加賀市総合サービス株式会社","月;火;水;木;金;土;日","09:00","19:30","10月1日から3月31日までは18：00まで12月29日から翌年1月3日まで休業","トラック：ウレタン系全天候舗装400m×8コース、フィールド:天然芝10,574㎡、観覧席5,360席","身障者用トイレ有り；車椅子貸出有り；スロープ有り","http://www.city.kaga.ishikawa.jp/kyouikuiinkai/sports/kagashirikujyoukyougijyou.html",""
"172065","000104","石川県","加賀市","加賀市中央公園テニスコート","カガシチュウウオウコウエンテニスコート","","15:スポーツ施設","石川県加賀市山田町245番地2","加賀市中央公園内","36.324453","136.330968","0761-73-1220","3220001013810","加賀市総合サービス株式会社","月;火;水;木;金;土;日","06:00","21:30","10月1日から3月31日までは18：00まで12月29日から翌年1月3日まで休業","砂入り人工芝コート10面、壁打ち練習ボード1面、クラブハウス（トイレ、更衣室、シャワー、ロッカー、会議室）、観覧席1,500人","身障者用トイレ有り；スロープ有り","http://www.city.kaga.ishikawa.jp/kyouikuiinkai/sports/tyuuoukouenntenniscourt.html",""
"172065","000105","石川県","加賀市","大聖寺グラウンド","ダイショウジグラウンド","","15:スポーツ施設","石川県大聖寺八間道30番地１","","36.306939","136.306996","0761-73-2664;(加賀体育館)","5220005007526","特定非営利財団法人加賀市スポーツ振興事業団","月;火;水;木;金;土;日","05:00","21:30","12月29日から翌年1月3日まで休業","少年野球場1面、サッカー場1面、ソフトボール場1面、ゲートボール場6面","無し","http://www.city.kaga.ishikawa.jp/kyouikuiinkai/sports/tamokutekiground.html",""
"172065","000106","石川県","加賀市","山代グラウンド","ヤマシログラウンド","","15:スポーツ施設","石川県加賀市山代温泉山林１６の60番地","","36.292364","136.366038","0761-73-3939;(ｽﾎﾟ-ﾂｾﾝﾀ-)","3220001013810","加賀市総合サービス株式会社","月;火;水;木;金;土;日","05:00","21:30","12月29日から翌年1月3日まで休業","野球場1面、ソフトボール場1面、サッカー場1面、ゲートボール場1面、夜間照明施設","無し","http://www.city.kaga.ishikawa.jp/kyouikuiinkai/sports/tamokutekiground.html",""
"172065","000107","石川県","加賀市","動橋グラウンド","イブリハシグラウンド","","15:スポーツ施設","石川県加賀市動橋町ナ14番地１","","36.328969","136.381429","0761-73-3939;(ｽﾎﾟ-ﾂｾﾝﾀ-)","3220001013810","加賀市総合サービス株式会社","月;火;水;木;金;土;日","05:00","21:30","12月29日から翌年1月3日まで休業","野球場1面、ソフトボール場1面、サッカー場1面、夜間照明施設","無し","http://www.city.kaga.ishikawa.jp/kyouikuiinkai/sports/tamokutekiground.html",""
"172065","000108","石川県","加賀市","山中球場","ヤマナカキュウジョウ","","15:スポーツ施設","石川県加賀市山中温泉東桂木町ヌ11番地２","","36.255285","136.372768","0761-78-5510;(山中健民体育館)","3220001013810","加賀市総合サービス株式会社","月;火;水;木;金;土;日","05:00","19:00","12月29日から翌年1月3日まで休業","両翼90m、センター110m、管理棟（放送室、トイレ、ミーティングルーム）","無し","http://www.city.kaga.ishikawa.jp/kyouikuiinkai/sports/yamanakakyuujyou.html",""
"172065","000109","石川県","加賀市","加賀市武道館","カガシブドウカン","","15:スポーツ施設","石川県加賀市大聖寺東町2丁目3番地２","","36.303935","136.318961","0761-73-2664","5220005007526","特定非営利財団法人加賀市スポーツ振興事業団","月;火;水;木;金;土;日","09:00","21:30","日曜、祝日は17：00まで12月29日から翌年1月3日まで休業","1階柔道場、2階剣道場、3階弓道場","無し","http://www.city.kaga.ishikawa.jp/kyouikuiinkai/sports/kagashibudoukan.html",""
"172065","000110","石川県","加賀市","山中武道館","ヤマナカブドウカン","","15:スポーツ施設","石川県加賀市山中温泉東桂木町ヌ11番地","","36.254543","136.374367","0761-78-5510;(山中健民体育館)","3220001013810","加賀市総合サービス株式会社","月;火;水;木;金;土;日","09:00","21:30","12月29日から翌年1月3日まで休業","1階柔道場、2階剣道場","無し","http://www.city.kaga.ishikawa.jp/kyouikuiinkai/sports/yamanakabudoukan.html",""
"172065","000111","石川県","加賀市","山中弓道場","ヤマナカキュウドウジョウ","","15:スポーツ施設","石川県加賀市山中温泉塚谷町ト87番地３","","36.253441","136.366873","0761-78-5510;(山中健民体育館)","3220001013810","加賀市総合サービス株式会社","月;火;水;木;金;土;日","09:00","21:30","12月29日から翌年1月3日まで休業","射場（6人立）、審判席、事務室、会議室","スロープ有り","http://www.city.kaga.ishikawa.jp/kyouikuiinkai/sports/yamanakakyuudoujyou.html",""
"172065","000112","石川県","加賀市","加賀市大聖寺テニスコート","カガシダイショウジテニスコート","","15:スポーツ施設","石川県加賀市大聖寺八間道30番地","","36.306646","136.307915","0761-73-2664;(加賀体育館)","5220005007526","特定非営利財団法人加賀市スポーツ振興事業団","月;火;水;木;金;土;日","05:00","21:30","12月29日から翌年1月3日まで休業","砂入り人工芝コート4面、クレーコート1面、クラブハウス（トイレ、更衣室）、夜間照明施設","無し","http://www.city.kaga.ishikawa.jp/kyouikuiinkai/sports/kagashidaisyoujitenniscourt.html",""
"172065","000113","石川県","加賀市","橋立自然公園運動広場","ハシタテシゼンコウエンウンドウヒロバ","","15:スポーツ施設","石川県加賀市橋立町南1番地","","36.348608","136.306476","0761-73-2664;(加賀体育館)","5220005007526","特定非営利財団法人加賀市スポーツ振興事業団","月;火;水;木;金;土;日","09:00","19:30","10月1日から3月31日までは18：00まで12月29日から翌年1月3日まで休業","天然芝グラウンド（サッカー場1面、グラウンドゴルフ場1面）","無し","http://www.city.kaga.ishikawa.jp/kyouikuiinkai/sports/hasitatesizenkouenundouhiroba.html",""
"172065","000114","石川県","加賀市","加賀市屋内水泳プール","カガシオクナイスイエイプール","","15:スポーツ施設","石川県加賀市山田町245番地2","加賀市中央公園内","36.323419","136.330834","0761-73-2259","1220001000240","株式会社エイム","月;火;水;木;金;土;日","10:00","20:00","日曜、祝日は18：00まで12月28日から翌年1月4日まで休業","25mプール（7コース）、プール深さ1.1～1.3m、幼児プール（6m×13m）","無し","http://www.city.kaga.ishikawa.jp/kyouikuiinkai/sports/okunaiokugaipuru.html",""
"172065","000115","石川県","加賀市","加賀市屋外水泳プール","カガシオクガイスイエイプール","","15:スポーツ施設","石川県加賀市山田町245番地2","加賀市中央公園内","36.323419","136.330834","0761-73-2259","1220001000240","株式会社エイム","月;火;水;木;金;土;日","10:00","21:00","9月1日から翌年6月30日まで休業","50mプール（8コース）、プール深さ1.4～1.7m","無し","http://www.city.kaga.ishikawa.jp/kyouikuiinkai/sports/okunaiokugaipuru.html",""
"172065","000116","石川県","加賀市","加賀市飛び込みプール","カガシトビコミプール","","15:スポーツ施設","石川県加賀市山田町245番地2","加賀市中央公園内","36.323043","136.330442","0761-73-2259","1220001000240","株式会社エイム","月;火;水;木;金;土;日","10:00","21:00","9月1日から翌年6月30日まで休業","飛び込み高さ10m、7.5ｍ、5m各1基、3m、1m各2基、プール深さ5m","無し","http://www.city.kaga.ishikawa.jp/kyouikuiinkai/sports/okunaiokugaipuru.html",""
"172065","000117","石川県","加賀市","大聖寺保育園","ダイショウジホイクエン","大聖寺保育園","11:保育園","石川県加賀市大聖寺耳聞山町８６－１１","","36.307936","136.316882","0761-72-0290","","加賀市","月;火;水;木;金;土","07:30","18:30","土曜日は12：30終了。祝祭日、12/29～1/3はお休み。","","","http://www.city.kaga.ishikawa.jp/folder/05education_1_1.html",""
"172065","000118","石川県","加賀市","錦城保育園","キンジョウホイクエン","錦城保育園","11:保育園","石川県加賀市大聖寺荻生町６２","","36.310404","136.30612","0761-72-1809","","加賀市","月;火;水;木;金;土","07:30","18:30","土曜日は12：30終了。祝祭日、12/29～1/3はお休み。","","","http://www.city.kaga.ishikawa.jp/folder/05education_1_1.html",""
"172065","000119","石川県","加賀市","山代保育園","ヤマシロホイクエン","山代保育園","11:保育園","石川県加賀市山代温泉山背台２－９０","","36.293158","136.359621","0761-76-1118","","加賀市","月;火;水;木;金;土","07:30","18:30","土曜日は12：30終了。祝祭日、12/29～1/3はお休み。","","","http://www.city.kaga.ishikawa.jp/folder/05education_1_1.html",""
"172065","000120","石川県","加賀市","庄保育園","ショウホイクエン","庄保育園","11:保育園","石川県加賀市西島町４５－１","","36.311707","136.373395","0761-77-2524","","加賀市","月;火;水;木;金;土","07:30","18:30","土曜日は12：30終了。祝祭日、12/29～1/3はお休み。","","","http://www.city.kaga.ishikawa.jp/folder/05education_1_1.html",""
"172065","000121","石川県","加賀市","勅使保育園","チョクシホイクエン","勅使保育園","11:保育園","石川県加賀市勅使町ル２２－１","","36.301895","136.389446","0761-76-2189","","加賀市","月;火;水;木;金;土","07:30","18:30","土曜日は12：30終了。祝祭日、12/29～1/3はお休み。","","","http://www.city.kaga.ishikawa.jp/folder/05education_1_1.html",""
"172065","000122","石川県","加賀市","東谷口保育園","ヒガシタニグチホイクエン","東谷口保育園","11:保育園","石川県加賀市水田丸町ヌ５５","","36.284192","136.390556","0761-76-2404","","加賀市","月;火;水;木;金;土","07:30","18:30","土曜日は12：30終了。祝祭日、12/29～1/3はお休み。","","","http://www.city.kaga.ishikawa.jp/folder/05education_1_1.html",""
"172065","000123","石川県","加賀市","作見保育園","サクミホイクエン","作見保育園","11:保育園","石川県加賀市作見町ナ５１－１","","36.324434","136.354631","0761-74-1499","","加賀市","月;火;水;木;金;土","07:30","18:30","土曜日は12：30終了。祝祭日、12/29～1/3はお休み。","","","http://www.city.kaga.ishikawa.jp/folder/05education_1_1.html",""
"172065","000124","石川県","加賀市","金明保育園","キンメイホイクエン","金明保育園","11:保育園","石川県加賀市塩浜町１０６","","36.350903","136.334468","0761-74-2554","","加賀市","月;火;水;木;金;土","07:30","18:30","土曜日は12：30終了。祝祭日、12/29～1/3はお休み。","","","http://www.city.kaga.ishikawa.jp/folder/05education_1_1.html",""
"172065","000125","石川県","加賀市","湖北保育園","コホクホイクエン","湖北保育園","11:保育園","石川県加賀市柴山町ヲ８","","36.35873","136.367792","0761-74-0125","","加賀市","月;火;水;木;金;土","07:30","18:30","土曜日は12：30終了。祝祭日、12/29～1/3はお休み。","","","http://www.city.kaga.ishikawa.jp/folder/05education_1_1.html",""
"172065","000126","石川県","加賀市","潮津保育園","ウシオズホイクエン","潮津保育園","11:保育園","石川県加賀市潮津町ロ１３２","","36.349706","136.356044","0761-74-3458","","加賀市","月;火;水;木;金;土","07:30","18:30","土曜日は12：30終了。祝祭日、12/29～1/3はお休み。","","","http://www.city.kaga.ishikawa.jp/folder/05education_1_1.html",""
"172065","000127","石川県","加賀市","動橋保育園","イブリハシホイクエン","動橋保育園","11:保育園","石川県加賀市動橋町ヘ６－１","","36.329503","136.39053","0761-74-1567","","加賀市","月;火;水;木;金;土","07:30","19:00","土曜日は12：30終了。祝祭日、12/29～1/3はお休み。","","","http://www.city.kaga.ishikawa.jp/folder/05education_1_1.html",""
"172065","000128","石川県","加賀市","橋立保育園","ハシタテホイクエン","橋立保育園","11:保育園","石川県加賀市小塩町ろ－１７７－２","","36.348722","136.31489","0761-75-2824","","加賀市","月;火;水;木;金;土","07:30","18:30","土曜日は12：30終了。祝祭日、12/29～1/3はお休み。","","","http://www.city.kaga.ishikawa.jp/folder/05education_1_1.html",""
"172065","000129","石川県","加賀市","三木保育園","ミキホイクエン","三木保育園","11:保育園","石川県加賀市三木町ニ－１２９－４","","36.293594","136.284438","0761-72-1760","","加賀市","月;火;水;木;金;土","07:30","18:30","土曜日は12：30終了。祝祭日、12/29～1/3はお休み。","","","http://www.city.kaga.ishikawa.jp/folder/05education_1_1.html",""
"172065","000130","石川県","加賀市","加陽保育園","カヨウホイクエン","加陽保育園","11:保育園","石川県加賀市保賀町８","","36.295924","136.349557","0761-76-3361","","加賀市","月;火;水;木;金;土","07:30","19:00","土曜日は12：30終了。祝祭日、12/29～1/3はお休み。","","","http://www.city.kaga.ishikawa.jp/folder/05education_1_1.html",""
"172065","000131","石川県","加賀市","山中中央保育園","ヤマナカチュウオウホイクエン","山中中央保育園","11:保育園","石川県加賀市山中温泉東桂木町ヌ１１","","36.254818","136.373657","0761-78-1739","","加賀市","月;火;水;木;金;土","07:30","18:30","土曜日は12：30終了。祝祭日、12/29～1/3はお休み。","","","http://www.city.kaga.ishikawa.jp/folder/05education_1_1.html",""
"172065","000132","石川県","加賀市","河南保育園","カワミナミホイクエン","河南保育園","11:保育園","石川県加賀市山中温泉長谷田町ロ３４１","","36.268021","136.35782","0761-78-1542","","加賀市","月;火;水;木;金;土","07:30","18:30","土曜日は12：30終了。祝祭日、12/29～1/3はお休み。","","","http://www.city.kaga.ishikawa.jp/folder/05education_1_1.html",""
"172065","000133","石川県","加賀市","山中浄水場","ヤマナカジョウスイジョウ","山中浄水場","08:供給処理施設","石川県加賀市山中温泉栢野町ヘ２５","","36.2256","136.358913","0761-78-0061","","加賀市","","","","","主に山中温泉地区へ水道水を供給しています。","","",""
"172065","000134","石川県","加賀市","加賀市下水道浄化センター","カガシゲスイドウジョウカセンター","加賀市下水道浄化センター","08:供給処理施設","石川県加賀市潮津町イ１０６ ","","36.352828","136.362293","0761-74-6611","","","","","","","","","",""
"172065","000135","石川県","加賀市","加賀市立大聖寺地区会館","カガシリツダイショウジチクカイカン","大聖寺地区会館","12:集会施設","石川県加賀市大聖寺京町1番地","","36.307296","136.310584","0761-72-0463","","大聖寺地区まちづくり推進協議会","月;火;水;木;金;土;日","09:00","22:00","利用状況等により、随時開館時間の変更や休館あり。","地域活動の拠点施設。","多目的トイレ有り","",""
"172065","000136","石川県","加賀市","加賀市立山代地区会館","カガシリツヤマシロチクカイカン","山代地区会館","12:集会施設","石川県加賀市山代温泉山背台1丁目60番地","","36.291667","136.359376","0761-76-0018","","山代温泉まちづくり推進協議会","月;火;水;木;金;土;日","09:00","22:00","利用状況等により、随時開館時間の変更や休館あり。","地域活動の拠点施設。","多目的トイレ有り","",""
"172065","000137","石川県","加賀市","加賀市立別所地区会館","カガシリツベッショチクカイカン","別所地区会館","12:集会施設","石川県加賀市別所町漆器団地10番地3","","36.276255","136.35923","0761-77-2041","","別所地区まちづくり推進協議会","月;火;水;木;金;土;日","09:00","22:00","利用状況等により、随時開館時間の変更や休館あり。","地域活動の拠点施設。","多目的トイレ有り","",""
"172065","000138","石川県","加賀市","加賀市立庄地区会館","カガシリツショウチクカイカン","庄地区会館","12:集会施設","石川県加賀市庄町ワ142番地1","","36.312484","136.374747","0761-75-3349","","庄地区まちづくり推進協議会","月;火;水;木;金;土;日","09:00","22:00","利用状況等により、随時開館時間の変更や休館あり。","地域活動の拠点施設。","","",""
"172065","000139","石川県","加賀市","加賀市立勅使地区会館","カガシリツチョクシチクカイカン","勅使地区会館","12:集会施設","石川県加賀市勅使町ヌ24番地1","","36.303725","136.389775","0761-77-4890","","勅使地区まちづくり推進協議会","月;火;水;木;金;土;日","09:00","22:00","利用状況等により、随時開館時間の変更や休館あり。","地域活動の拠点施設。","","",""
"172065","000140","石川県","加賀市","加賀市立東谷口地区会館","カガシリツヒガシタニグチチクカイカン","東谷口地区会館","12:集会施設","石川県加賀市水田丸町チ12番地","","36.284234","136.391117","0761-76-1172","","東谷口地区まちづくり推進協議会","月;火;水;木;金;土;日","09:00","22:00","利用状況等により、随時開館時間の変更や休館あり。","地域活動の拠点施設。","","",""
"172065","000141","石川県","加賀市","加賀市立片山津地区会館","カガシリツカタヤマヅチクカイカン","片山津地区会館","12:集会施設","石川県加賀市片山津温泉7の1番地1","","36.344914","136.365009","0761-74-0350","","片山津地区まちづくり推進協議会","月;火;水;木;金;土;日","09:00","22:00","利用状況等により、随時開館時間の変更や休館あり。","地域活動の拠点施設。","多目的トイレ有り","",""
"172065","000142","石川県","加賀市","加賀市立作見地区会館","カガシリツサクミチクカイカン","作見地区会館","12:集会施設","石川県加賀市作見町ヨ36番地1","","36.324125","136.353102","0761-75-3359","","作見地区まちづくり推進協議会","月;火;水;木;金;土;日","09:00","22:00","利用状況等により、随時開館時間の変更や休館あり。","地域活動の拠点施設。","","",""
"172065","000143","石川県","加賀市","加賀市立金明地区会館","カガシリツキンメイチクカイカン","金明地区会館","12:集会施設","石川県加賀市塩浜町105番地","","36.350194","136.334492","0761-74-2828","","金明地区まちづくり推進協議会","月;火;水;木;金;土;日","09:00","22:00","利用状況等により、随時開館時間の変更や休館あり。","地域活動の拠点施設。","","",""
"172065","000144","石川県","加賀市","加賀市立湖北地区会館","カガシリツコホクチクカイカン","湖北地区会館","12:集会施設","石川県加賀市柴山町も33番地","","36.358095","136.366544","0761-75-4014","","湖北地区まちづくり推進協議会","月;火;水;木;金;土;日","09:00","22:00","利用状況等により、随時開館時間の変更や休館あり。","地域活動の拠点施設。","","",""
"172065","000145","石川県","加賀市","加賀市立動橋地区会館","カガシリツイブリハシチクカイカン","動橋地区会館","12:集会施設","石川県加賀市動橋町ホ15番地1","","36.330437","136.389578","0761-74-1529","","動橋地区まちづくり推進協議会","月;火;水;木;金;土;日","09:00","22:00","利用状況等により、随時開館時間の変更や休館あり。","地域活動の拠点施設。","多目的トイレ有り","",""
"172065","000146","石川県","加賀市","加賀市立分校地区会館","カガシリツブンギョウチクカイカン","分校地区会館","12:集会施設","石川県加賀市分校町68番地2","","36.328875","136.400756","0761-74-1831","","分校地区まちづくり推進協議会","月;火;水;木;金;土;日","09:00","22:00","利用状況等により、随時開館時間の変更や休館あり。","地域活動の拠点施設。","","",""
"172065","000147","石川県","加賀市","加賀市立橋立地区会館","カガシリツハシタテチクカイカン","橋立地区会館","12:集会施設","石川県加賀市橋立町ロ357番地","","36.350887","136.311433","0761-75-2944","","橋立地区まちづくり推進協議会","月;火;水;木;金;土;日","09:00","22:00","利用状況等により、随時開館時間の変更や休館あり。","地域活動の拠点施設。","","",""
"172065","000148","石川県","加賀市","加賀市立三木地区会館","カガシリツミキチクカイカン","三木地区会館","12:集会施設","石川県加賀市三木町ニ126番地1","","36.293022","136.284378","0761-72-1772","","三木地区まちづくり推進協議会","月;火;水;木;金;土;日","09:00","22:00","利用状況等により、随時開館時間の変更や休館あり。","地域活動の拠点施設。","","",""
"172065","000149","石川県","加賀市","加賀市立三谷地区会館","カガシリツミタニチクカイカン","三谷地区会館","12:集会施設","石川県加賀市曽宇町ホ7番地","","36.285722","136.321169","0761-72-1762","","三谷地区まちづくり推進協議会","月;火;水;木;金;土;日","09:00","22:00","利用状況等により、随時開館時間の変更や休館あり。","地域活動の拠点施設。","多目的トイレ有り","",""
"172065","000150","石川県","加賀市","加賀市立南郷地区会館","カガシリツナンゴウチクカイカン","南郷地区会館","12:集会施設","石川県加賀市下河崎町へ102番地","","36.307403","136.333249","0761-73-2642","","南郷地区まちづくり推進協議会","月;火;水;木;金;土;日","09:00","22:00","利用状況等により、随時開館時間の変更や休館あり。","地域活動の拠点施設。","","",""
"172065","000151","石川県","加賀市","加賀市立塩屋地区会館","カガシリツシオヤチクカイカン","塩屋地区会館","12:集会施設","石川県加賀市塩屋町イ29番地1","","36.29469","136.253055","0761-73-8001","","塩屋町まちづくり推進協議会","月;火;水;木;金;土;日","09:00","22:00","利用状況等により、随時開館時間の変更や休館あり。","地域活動の拠点施設。","","",""
"172065","000152","石川県","加賀市","加賀市立山中温泉地区会館","カガシリツヤマナカオンセンチクカイカン","山中温泉地区会館","12:集会施設","石川県加賀市山中温泉西桂木町ト5番地1","山中温泉文化会館内","36.251965","136.374188","0761-78-3588","","加賀市","月;火;水;木;金;土;日","09:00","22:00","利用状況等により、随時開館時間の変更や休館あり。","地域活動の拠点施設。","","",""
"172065","000153","石川県","加賀市","加賀市立河南地区会館","カガシリツカワミナミチクカイカン","河南地区会館","12:集会施設","石川県加賀市山中温泉長谷田町リ391番地","","36.264983","136.361351","0761-78-5021","","河南地区まちづくり推進協議会","月;火;水;木;金;土;日","09:00","22:00","利用状況等により、随時開館時間の変更や休館あり。","地域活動の拠点施設。","多目的トイレ有り;エレベータ有り","",""
"172065","000154","石川県","加賀市","加賀市立西谷地区会館","カガシリツニシタニチクカイカン","西谷地区会館","12:集会施設","石川県山中温泉菅谷町へ45番地","菅谷町会館内","36.22922","136.366315","0761-78-1251","","加賀市","月;火;水;木;金;土;日","09:00","22:00","利用状況等により、随時開館時間の変更や休館あり。","地域活動の拠点施設。","","",""
"172065","000155","石川県","加賀市","加賀市立東谷地区会館","カガシリツヒガシタニチクカイカン","東谷地区会館","12:集会施設","石川県加賀市山中温泉中津原町ハ124番地1","","36.261811","136.398319","0761-78-0111","","東谷地区まちづくり推進協議会","月;火;水;木;金;土;日","09:00","22:00","利用状況等により、随時開館時間の変更や休館あり。","地域活動の拠点施設。","","",""
"172065","000156","石川県","加賀市","加賀市市民会館","カガシシミンカイカン","市民会館","12:集会施設","石川県加賀市大聖寺南町ニ11番地5","","36.301787","136.315114","0761-72-1500","","社会福祉法人加賀市社会福祉協議会","月;火;水;木;金;土;日","09:00","21:30","12/29～1/3は休館。また、使用状況等により、随時開館時間の変更や休館あり。","大小の会議室・和室・料理室・大ホールなどがあり、各種会議・研修・講座・サークル活動などに使用可能。","多目的トイレ有り;エレベータ有り;車椅子貸出有り","http://www.city.kaga.ishikawa.jp/shiminseikatsu/chiiki/shiminkaikan.html",""
"172065","000157","石川県","加賀市","かが交流プラザさくら","カガコウリュウプラザサクラ","さくら","12:集会施設","石川県加賀市大聖寺八間道65番地","","36.307878","136.309674","0761-72-7845","","公益社団法人加賀市シルバー人材センター","月;火;水;木;金;土;日","08:30","22:00","利用状況等により、随時開館時間の変更や休館あり。","大小の会議室・調理室・多目的エントランスホールなどがあり、各種会議・研修・講座・サークル活動などに利用可能。","多目的トイレ有り;エレベータ有り;車椅子貸出有り","http://www.city.kaga.ishikawa.jp/shiminseikatsu/chiiki/kagakoryuplazasakura.html",""
"172065","000158","石川県","加賀市","かがにこにこパーク","カガニコニコパーク","かがにこにこパーク","13:幼児・児童施設","石川県加賀市大聖寺八間道65番地","","36.321645","136.330047","0761-72-7845","","公益社団法人加賀市シルバー人材センター","月;火;水;木;金;土;日","08:30","22:00","利用状況等により、随時開館時間の変更や休館あり。","大小の会議室・調理室・多目的エントランスホールなどがあり、各種会議・研修・講座・サークル活動などに利用可能。","多目的トイレ有り;エレベータ有り;車椅子貸出有り","http://www.city.kaga.ishikawa.jp/shiminseikatsu/chiiki/kagakoryuplazasakura.html",""
